{"distance_weight": 0.7628591280655508, "shoot_accuracy": 8.716334063241316, "retreat_threshold": 0.10822277225036, "aggressiveness": 0.5263966317548584}