{"distance_weight": 1.1585872980932512, "shoot_accuracy": 7.740733932654448, "retreat_threshold": 0.309169194940193, "aggressiveness": 0.6260984522767885}