{"distance_weight": 0.7207042139881059, "shoot_accuracy": 9.389000691832928, "retreat_threshold": 0.10028812344007425, "aggressiveness": 0.5361195702232884}