{"distance_weight": 0.5980052218948211, "shoot_accuracy": 9.897810611180759, "retreat_threshold": 0.0340126611756762, "aggressiveness": 0.6077843995376122}